{
    "zero_eq": {
        "mse": 18.449206278874325,
        "mae": 3.2585820234738865,
        "rmse": 4.283026997859661,
        "sc": 0.71026945572633,
        "lsd": 4.113082005427434,
        "per_band_mae": [
            4.067978858947754,
            5.8059868812561035,
            1.9821927547454834,
            0.8724079132080078,
            2.164306640625,
            4.658618450164795
        ],
        "per_band_rmse": [
            4.8032612800598145,
            6.424630165100098,
            2.4991869926452637,
            1.0320053100585938,
            2.705904483795166,
            5.483903884887695
        ]
    },
    "mean_eq": {
        "mse": 8.208734805767353,
        "mae": 2.137453079223633,
        "rmse": 2.8492815586236806,
        "sc": 0.6468818416962256,
        "lsd": 3.8489186947162333,
        "per_band_mae": [
            2.586486577987671,
            2.4129068851470947,
            1.5082885026931763,
            0.8869342803955078,
            1.6795833110809326,
            3.750519037246704
        ],
        "per_band_rmse": [
            3.1327109336853027,
            2.8987202644348145,
            2.0469770431518555,
            1.060556411743164,
            2.031428575515747,
            4.48889684677124
        ]
    },
    "proposed_model": {
        "mse": 0.2142391949892044,
        "mae": 0.35138487815856934,
        "rmse": 0.4628598005759459,
        "sc": 0.524476170539856,
        "lsd": 3.071122884750366,
        "per_band_mae": [
            0.379593163728714,
            0.4673815369606018,
            0.2571755051612854,
            0.2636057436466217,
            0.33660534024238586,
            0.4039480686187744
        ],
        "per_band_rmse": [
            0.4780077338218689,
            0.615087628364563,
            0.33250707387924194,
            0.3397928774356842,
            0.41373300552368164,
            0.5304864048957825
        ]
    },
    "mean_eq_values": [
        -3.72775936126709,
        -5.65471076965332,
        -1.8018792867660522,
        -0.08407945930957794,
        -1.7665746212005615,
        -3.053947925567627
    ],
    "improvement_vs_zero_eq_mae": 89.21663239939048,
    "improvement_vs_mean_eq_mae": 83.56058050704908
}