{
    "Audio Only": {
        "loss": 7.105891172702496,
        "mse": 7.773389486166147,
        "mae": 2.095626542201409,
        "rmse": 2.7727969059577355,
        "spec": 4.435897276951716,
        "sc": 0.6424187032076029,
        "lsd": 3.7934785806215725,
        "per_band_mae": [
            2.649827718734741,
            2.4718523025512695,
            1.4421327114105225,
            0.8694075345993042,
            1.693503737449646,
            3.447035074234009
        ]
    },
    "Audio + Device": {
        "loss": 3.1248539136006284,
        "mse": 2.9184140333762536,
        "mae": 1.3580032128554125,
        "rmse": 1.7049727577429552,
        "spec": 3.950613104380094,
        "sc": 0.570475520995947,
        "lsd": 3.3801375719217153,
        "per_band_mae": [
            1.7785612344741821,
            1.7541536092758179,
            0.9022680521011353,
            0.8631914854049683,
            0.9301741719245911,
            1.9196707010269165
        ]
    },
    "Audio + Preference": {
        "loss": 5.417118769425612,
        "mse": 5.725157297574556,
        "mae": 1.671998340349931,
        "rmse": 2.3801359946911154,
        "spec": 4.184964381731474,
        "sc": 0.6070275558875158,
        "lsd": 3.577936814381526,
        "per_band_mae": [
            1.9714235067367554,
            1.8366788625717163,
            1.1223680973052979,
            0.24625031650066376,
            1.421316146850586,
            3.433953285217285
        ]
    },
    "Device + Preference": {
        "loss": 0.9691848754882812,
        "mse": 0.2824465036392212,
        "mae": 0.4095193101809575,
        "rmse": 0.5297872699224032,
        "spec": 3.71613832620474,
        "sc": 0.538504747244028,
        "lsd": 3.177633597300603,
        "per_band_mae": [
            0.44117671251296997,
            0.5279554724693298,
            0.31425741314888,
            0.39298492670059204,
            0.39485645294189453,
            0.3858849108219147
        ]
    },
    "Full Model": {
        "loss": 0.9558774920610281,
        "mse": 0.2677611530973361,
        "mae": 0.39074024901940274,
        "rmse": 0.5128861012367102,
        "spec": 3.708342772263747,
        "sc": 0.5381022622952094,
        "lsd": 3.1702405214309692,
        "per_band_mae": [
            0.4530104398727417,
            0.5288377404212952,
            0.3050580322742462,
            0.2899181544780731,
            0.3268067538738251,
            0.44081035256385803
        ]
    }
}